<!-- XML for validating the login -->

<credentials>
	<user>
		<username>a</username>
		<password>a</password>
	</user>
	<user>
		<username>nandinipriya</username>
		<password>Nandini@bb</password>
	</user>
	<user>
		<username>tejaswibynagari</username>
		<password>Tejaswi@bb</password>
	</user>
	<user>
		<username>monicasirinala</username>
		<password>Sirinala@bb</password>
	</user>
	<user>
		<username>tejubynagari</username>
		<password>Teju@bb</password>
	</user>
</credentials>