<!-- XML for displaying the time to reach based on locations-->
	<locations>
		<location>
			<landmark>Please select a location</landmark>
			<duration>0</duration>	
		</location>
		<location>
			<landmark>UCM Library</landmark>
			<duration>15</duration>	
		</location>
		<location>
			<landmark>Walmart</landmark>
			<duration>30</duration>	
		</location>
		<location>
			<landmark>Multipurpose</landmark>
			<duration>30</duration>	
		</location>
		<location>
			<landmark>Walgreens</landmark>
			<duration>20</duration>	
		</location>
		<location>
			<landmark>Lion's Lake</landmark>
			<duration>20</duration>	
		</location>
		<location>
			<landmark>Downtown</landmark>
			<duration>30</duration>	
		</location> 
		<location>
			<landmark>Starbucks</landmark>
			<duration>20</duration>	
		</location>
		<location>
			<landmark>NW Missouri Hospital</landmark>
			<duration>45</duration>	
		</location>
		
	</locations>
		