<!-- XMl for loading services in the service.html-->
<services>
    <category>
        <name>Hair Coloring</name>
        <service>
            <type>Short Hair</type>
            <price>40</price>
        </service>
        <service>
            <type>Medium Hair</type>
            <price>50</price>
        </service>
        <service>
            <type>Long Hair</type>
            <price>60</price>
        </service>
    </category>
    <category>
        <name>Nails</name>
        <service>
            <type>Spa Pedicure</type>
            <price>40</price>
        </service>
        <service>
            <type>Spa Manicure</type>
            <price>20</price>
        </service>
        <service>
            <type>Regular Fill</type>
            <price>30</price>
        </service>
        <service>
            <type>Acrylic Paint</type>
            <price>10</price>
        </service>
    </category>
    <category>
        <name>Waxing</name>
        <service>
            <type>Full Face</type>
            <price>40</price>
        </service>
        <service>
            <type>Upper Lip</type>
            <price>40</price>
        </service>
        <service>
            <type>Eyebrows</type>
            <price>40</price>
        </service>
        <service>
            <type>Nose</type>
            <price>10</price>
        </service>
        <service>
            <type>Chin</type>
            <price>10</price>
        </service>
    </category>
    <category>
        <name>SkinCare</name>
        <service>
            <type>Cleansing</type>
            <price>50</price>
        </service>
        <service>
            <type>Customized Facial</type>
            <price>100</price>
        </service>
        <service>
            <type>Anti-Age Management Facial</type>
            <price>110</price>
        </service>
        <service>
            <type>Bio-Sculpt Lift and Firm Facial</type>
            <price>200</price>
        </service>
    </category>
    <category>
        <name>Cuts</name>
        <service>
            <type>Men</type>
            <price>20</price>
        </service>
        <service>
            <type>Children</type>
            <price>10</price>
        </service>
        <service>
            <type>Women - Short Length</type>
            <price>50</price>
        </service>
        <service>
            <type>Women - Medium Length</type>
            <price>60</price>
        </service>
        <service>
            <type>Women - Long Length</type>
            <price>70</price>
        </service>
    </category>
	<category>
        <name>Other Hair Services</name>
        <service>
            <type>Deep Condition</type>
            <price>30</price>
        </service>
        <service>
            <type>Scalp Treatment</type>
            <price>40</price>
        </service>
        <service>
            <type>Wash &amp; Style</type>
            <price>25</price>
        </service>
    </category>
	<category>
        <name>Special Occasion</name>
        <service>
            <type>Beauty &amp; Blush Executive Package</type>
            <price>100</price>
        </service>
        <service>
            <type>Bridal</type>
            <price>150</price>
        </service>
    </category>
	<category>
		<name>Special Spa</name>
		<service>
			<type>Mud Therapy Body Mask</type>
			<price>500</price>
		</service>
		<service>
			<type>Aromatherapy Body Polish</type>
			<price>500</price>
		</service>
	</category>
</services>